,Company,URL
0,Olark,https://www.olark.com/jobs
1,Help Scout,https://www.helpscout.com/company/careers/
2,Close,https://jobs.lever.co/close.io/
3,Prezly,https://careers.prezly.com/
4,Skillcrush,https://skillcrush.breezy.hr/
5,Articulate,https://articulate.com/company/careers
6,AULA,https://aulaeducation.recruitee.com/
7,MangoLanguages,https://mangolanguages.com/company/careers/
8,Fire Engine Red,https://www.fire-engine-red.com/career/
9,Stripe,https://stripe.com/jobs/search?l=remote
10,YNAB,https://www.youneedabudget.com/landing/jobs/
11,Xapo,https://xapo.com/careers/
12,Blockchain,https://www.blockchain.com/careers#jobs
13,DollarSprout,https://www.dollarsprout.com/careers/
14,MailerLite,https://www.mailerlite.com/jobs
15,MailerSend,https://www.mailersend.com/jobs
16,Zapier,https://zapier.com/jobs/
17,Hotjar,https://careers.hotjar.com/
18,Edgar,https://meetedgar.com/careers/
19,Buffer,https://journey.buffer.com/
20,Xtensio,https://xtensio.com/careers/
21,LeadsBridge,https://leadsbridge.freshteam.com/jobs/
22,SkyVerge,https://www.skyverge.com/jobs/
23,Memberful,https://memberful.com/jobs/
24,Arkency,https://blog.arkency.com/join-our-team/
25,Automattic,https://automattic.com/work-with-us/
26,Clevertech,https://www.clevertech.biz/careers
27,DockYard,https://dockyardinc1.recruitee.com/
28,Genuitec,https://www.genuitec.com/company/careers/
29,Modern Tribe,https://tri.be/careers
30,Guilded,https://www.guilded.gg/jobs
31,Semaphore CI,https://semaphoreci.com/about/careers
32,Buildkite,https://buildkite.com/careers
33,Knack,https://www.knack.com/jobs
34,InVision,https://www.invisionapp.com/careers
35,Collage,https://www.collage.com/careers
36,1 Second Everyday,https://1secondeveryday.tilda.ws/jobs
37,Uscreen,https://www.uscreen.tv/careers/
38,Superside,https://www.superside.com/career
39,84codes,https://www.84codes.com/career/
40,GitLab,https://about.gitlab.com/jobs/
41,Axelerant,https://www.axelerant.com/careers
42,BuddyBoss,https://www.buddyboss.com/careers/
43,Ghost,https://careers.ghost.org/
44,Particular Software,https://particular.net/careers
45,Zyte,https://www.zyte.com/jobs/
46,Skyscrapers,https://skyscrapers.eu/jobs/
47,Sourcegraph,https://about.sourcegraph.com/jobs/
48,Ten,https://ten7.com/careers
49,Ycode,https://www.ycode.com/jobs
50,Sketch,https://www.sketch.com/jobs/
51,10up,https://10up.com/careers/
52,PitchLift,https://pitchlift.co/about/careers
53,Bejamas,https://bejamas.io/careers/
54,X-Team,https://x-team.com/join/
55,Basecamp,https://basecamp.com/about/jobs
56,Doist,https://doist.com/jobs/
57,BestSelf,https://apply.workable.com/bestself/
58,Time Doctor,https://www.timedoctor.com/jobs.html
59,Hubstaff,https://hubstaff.com/jobs
60,Toggl,https://www.toggl.com/jobs/
61,Dollar Flight Club,https://dollar-flight-club.breezy.hr/
62,Backpack Travel,https://www.backpackertravel.org/job-openings/
63,BootsnAll,https://www.bootsnall.com/about-us/jobs
64,Cloudbeds,https://www.cloudbeds.com/careers/
65,OnTheGoSystems,https://www.onthegosystems.com/jobs/
66,Human Made,https://humanmade.com/hiring/
67,rtCamp,https://rtcamp.com/careers/
68,Soflyy,http://soflyy.com/
69,Airbrake,https://jobs.airbrake.io/
70,15Five,https://www.15five.com/careers/
71,DNSimple,https://dnsimple.com/jobs
72,DuckDuckGo,https://duckduckgo.com/hiring/
73,FirstBaseHQ,https://firstbasehq.com/careers
74,Overleaf,https://apply.workable.com/overleaf/
75,PowerToFly,https://powertofly.com/companies/powertofly-com
76,Requis,https://requis.com/company/join/
77,Toptal,https://www.toptal.com/careers
78,Bandcamp,https://bandcamp.com/jobs
79,Circular,https://trycircular.recruitee.com/
80,Flexjobs,https://www.flexjobs.com/careers-at-flexjobs
81,Hopin,https://hopin.com/careers
82,Action Verb,https://www.actionverb.com/
83,Ad Hoc,https://adhocteam.us/join/
84,Aha!,https://www.aha.io/company/careers
85,Alley Interactive,https://alley.co/jobs/
86,Bluespark,https://www.bluespark.com/careers
87,Close.io,https://jobs.lever.co/close.io/
88,CROmetrics,https://crometrics.com/jobs/
89,Customer.io,https://customer.io/careers/
90,Dotsub,https://dotsub.com/jobs
91,Elastic,https://www.elastic.co/about/careers
92,FineTune Learning,https://www.finetunelearning.com
93,FlexJobs,https://www.flexjobs.com/FlexJobsTeam.aspx
94,Four Kitchens,https://www.fourkitchens.com/careers/
95,Healthfinch,https://www.healthfinch.com/careers
96,HiringThing,https://careers.hiringthing.com
97,HubStaff,https://hubstaff.com/jobs
98,Lullabot,https://www.lullabot.com/jobs/working-at-lullabott
99,MonetizeMore,https://www.monetizemore.com/about-us/careers/
100,NodeSource,https://nodesource.com/careers
101,On The Go Systems,https://www.onthegosystems.com/jobs/
102,Parse.ly,https://www.parse.ly/jobs/
103,Pathable,https://pathable.com/careers/
104,Rainforest QA,https://www.rainforestqa.com/careers/
105,Real HQ,https://realhq.com/jobs/
106,Scrapinghub,https://scrapinghub.com/jobs
107,Simple A,https://simplea.com/About/Careers
108,SitePen,https://www.sitepen.com/about/jobs.html
109,Spreaker,https://www.spreaker.com/jobs
110,TaxJar,https://www.taxjar.com/jobs/
111,Ten7,https://ten7.com/careers
